<?xml version="1.0" encoding="UTF-8"?>
<templates id="template" xml:space="preserve">
    <t t-name="PjDashboard">
        <div class="oh_dashboards" style="margin-top: 20px;">
            <div class="container-fluid o_pj_dashboard" 
            >
            </div>
        </div>
    </t>


    <t t-name="DashboardProject">


        <script>
            var selectElement = document.getElementById("mySelect");
            var option1Div = document.getElementById("option1Div");
            var option2Div = document.getElementById("option2Div");
            var option3Div = document.getElementById("option3Div");
            
            // Hide all divs except the first one
            option2Div.style.display = "none";
            option3Div.style.display = "none";
            
            selectElement.addEventListener("change", function() {
              var selectedValue = selectElement.value;
            
              // Hide all divs
              option1Div.style.display = "none";
              option2Div.style.display = "none";
              option3Div.style.display = "none";
            
              // Show the selected div
              if (selectedValue === "option1") {
                option1Div.style.display = "block";
              } else if (selectedValue === "option2") {
                option2Div.style.display = "block";
              } else if (selectedValue === "option3") {
                option3Div.style.display = "block";
              }
            });
        
          </script>
          <style>

            .white-text-with-blue-shadow {
                text-shadow: 1px 1px 2px black, 0 0 1em blue, 0 0 0.2em blue;
                color: white;
                font: 1.5em Georgia, serif;
              }

              @keyframes shake {
                0% { transform: translate(0, 0); }
                10%, 90% { transform: translate(-10px, 0); }
                20%, 80% { transform: translate(10px, 0); }
                30%, 50%, 70% { transform: translate(-10px, 0); }
                40%, 60% { transform: translate(10px, 0); }
                100% { transform: translate(0, 0); }
              }
              
              .divs_value {
                animation: shake 0.8s;
                animation-iteration-count: infinite;
              }

           
        </style>
        


        <div style="margin-top: 40px;" >
            <p style="font-weight: 700;"> Filter:</p> <select id="mySelect" style="width: 150px;height: 30px;">
                 <option value="option1">This Year</option>
                 <option value="option2">This Month</option>
                 <option value="option3">This Week</option>
               </select>
             </div>


<div id="option1Div" style="margin-top: 46px;" >
    <h1 style="text-align:center;font-weight:bold" >This Year Sale Orders</h1>

        <div class="crm_dash_cards row"   >
            <div class="col-md-4 col-sm-6">
                <div class="dashboard-card card-shadow tot_projects">
                    <div
                            class="dashboard-card__icon-container bg-mauve-light d-flex justify-content-center align-items-center">
                        <i class="fa fa-shopping-cart text-mauve"/>
                    </div>
                    <div class="dashboard-card__details">
                        <h3>
                            <span>
                                <t t-esc="widget.total_projects"/>
                            </span>
                        </h3>
                        <h4>Total Order</h4>
                    </div>
                </div>
            </div>

            <div class="col-md-4 col-sm-6">
                <div class="dashboard-card card-shadow tot_emp">
                    <div
                            class="dashboard-card__icon-container bg-mauve-light d-flex justify-content-center align-items-center">
                        <i class="fa fa-rupee text-mauve"/>
                    </div>
                    <div class="dashboard-card__details">
                        <h3>
                            <span>
                                <t t-esc="widget.yearwise_amount"/>
                               
                            </span>
                        </h3>
                        <h4>Total Amount</h4>
                    </div>
                </div>
            </div>
            <div class="col-md-4 col-sm-6">
                <div class="dashboard-card card-shadow tot_tasks">
                    <div
                            class="dashboard-card__icon-container bg-mauve-light d-flex justify-content-center align-items-center">
                        <i class="fa fa-user text-mauve"/>
                    </div>
                    <div class="dashboard-card__details">
                        <h3>
                            <span>
                                <t t-esc="widget.total_tasks"/>
                        
                            </span>
                        </h3>
                        <h4>Total Customers</h4>
                    </div>
                </div>
            </div> <div class="col-md-4 col-sm-6">
                <div class="dashboard-card card-shadow hr_recorded">
                    <div
                            class="dashboard-card__icon-container bg-mauve-light d-flex justify-content-center align-items-center">
                        <i class="fa fa-truck text-mauve"/>
                    </div>
                    <div class="dashboard-card__details">
                        <h3>
                            <span>
                                <t t-esc="widget.total_hours"/>
                        
                            </span>
                        </h3>
                        <h4>Delivered Orders</h4>
                    </div>
                </div>
            </div> 
            <div class="col-md-4 col-sm-6">
                <div class="dashboard-card card-shadow tot_profitability">
                    <div
                            class="dashboard-card__icon-container bg-mauve-light d-flex justify-content-center align-items-center">
                        <i class="fa fa-file-text text-mauve"/>
                    </div>
                    <div class="dashboard-card__details">
                        <h3>
                            <span>
                                <t t-esc="widget.total_profitability"/>
                        
                            </span>
                        </h3>
                        <h4>Total Invoices</h4>
                    </div>
                </div>
            </div>
            <div class="col-md-4 col-sm-6">
                <div class="dashboard-card card-shadow tot_sale">
                    <div
                            class="dashboard-card__icon-container bg-mauve-light d-flex justify-content-center align-items-center">
                        <i class="fa fa-ticket text-mauve"/>
                    </div>
                    <div class="dashboard-card__details">
                        <h3>
                            <span>
                                <t t-esc="widget.total_sale_orders"/>
                        
                            </span>
                        </h3>
                        <h4>Total Sale Orders</h4>
                    </div>
                </div>
            </div>  
            </div>
        </div>
            <div id="option2Div" style="margin-top: 46px;">
                <h1 style="text-align:center;font-weight:bold">This Month Sale Orders</h1>

            <div class="crm_dash_cards row" >
                <div class="col-md-4 col-sm-6">
                    <div class="dashboard-card card-shadow month_totalorders">
                        <div
                                class="dashboard-card__icon-container bg-mauve-light d-flex justify-content-center align-items-center">
                            <i class="fa fa-shopping-cart text-mauve"/>
                        </div>
                        <div class="dashboard-card__details">
                            <h3>
                                <span>
                                    <t t-esc="widget.monthwise_sales"/>
                                </span>
                            </h3>
                            <h4>Total Order</h4>
                        </div>
                    </div>
                </div>
    
                <div class="col-md-4 col-sm-6">
                    <div class="dashboard-card card-shadow thismonth_amount">
                        <div
                                class="dashboard-card__icon-container bg-mauve-light d-flex justify-content-center align-items-center">
                            <i class="fa fa-rupee text-mauve"/>
                        </div>
                        <div class="dashboard-card__details">
                            <h3>
                                <span>
                                    <t t-esc="widget.monthwise_amount"/>
                                   
                                </span>
                            </h3>
                            <h4>Total Amount</h4>
                        </div>
                    </div>
                </div>
                <div class="col-md-4 col-sm-6">
                    <div class="dashboard-card card-shadow tot_tasks">
                        <div
                                class="dashboard-card__icon-container bg-mauve-light d-flex justify-content-center align-items-center">
                            <i class="fa fa-user text-mauve"/>
                        </div>
                        <div class="dashboard-card__details">
                            <h3>
                                <span>
                                    <t t-esc="widget.total_tasks"/>
                            
                                </span>
                            </h3>
                            <h4>Total Customers</h4>
                        </div>
                    </div>
                </div> <div class="col-md-4 col-sm-6">
                    <div class="dashboard-card card-shadow hr_recorded">
                        <div
                                class="dashboard-card__icon-container bg-mauve-light d-flex justify-content-center align-items-center">
                            <i class="fa fa-truck text-mauve"/>
                        </div>
                        <div class="dashboard-card__details">
                            <h3>
                                <span>
                                    <t t-esc="widget.month_deliverys"/>
                            
                                </span>
                            </h3>
                            <h4>Delivered Orders</h4>
                        </div>
                    </div>
                </div> 
                <div class="col-md-4 col-sm-6">
                    <div class="dashboard-card card-shadow thismonth_invoices">
                        <div
                                class="dashboard-card__icon-container bg-mauve-light d-flex justify-content-center align-items-center">
                            <i class="fa fa-file-text text-mauve"/>
                        </div>
                        <div class="dashboard-card__details">
                            <h3>
                                <span>
                                    <t t-esc="widget.monthwise_invoice"/>
                            
                                </span>
                            </h3>
                            <h4>Total Invoices</h4>
                        </div>
                    </div>
                </div>
                <div class="col-md-4 col-sm-6">
                    <div class="dashboard-card card-shadow thismonth_saleorders">
                        <div
                                class="dashboard-card__icon-container bg-mauve-light d-flex justify-content-center align-items-center">
                            <i class="fa fa-ticket text-mauve"/>
                        </div>
                        <div class="dashboard-card__details">
                            <h3>
                                <span>
                                    <t t-esc="widget.monthsaleorders_only"/>
                            
                                </span>
                            </h3>
                            <h4>Total Sale Orders</h4>
                        </div>
                    </div>
                </div>
              
                
                </div>
            </div>

<div id="option3Div" style="margin-top: 46px;">
    <h1 style="text-align:center;font-weight:bold">This Week Sale Orders</h1>

                <div class="crm_dash_cards row" >
                    <div class="col-md-4 col-sm-6">
                        <div class="dashboard-card card-shadow week_totalorders">
                            <div
                                    class="dashboard-card__icon-container bg-mauve-light d-flex justify-content-center align-items-center">
                                <i class="fa fa-shopping-cart text-mauve"/>
                            </div>
                            <div class="dashboard-card__details">
                                <h3>
                                    <span>
                                        <t t-esc="widget.daywise_sales"/>
                                    </span>
                                </h3>
                                <h4>Total Order</h4>
                            </div>
                        </div>
                    </div>
        
                    <div class="col-md-4 col-sm-6">
                        <div class="dashboard-card card-shadow thisweek_amount">
                            <div
                                    class="dashboard-card__icon-container bg-mauve-light d-flex justify-content-center align-items-center">
                                <i class="fa fa-rupee text-mauve"/>
                            </div>
                            <div class="dashboard-card__details">
                                <h3>
                                    <span>
                                        <t t-esc="widget.weekwise_amount"/>
                                       
                                    </span>
                                </h3>
                                <h4>Total Amount</h4>
                            </div>
                        </div>
                    </div>
                    <div class="col-md-4 col-sm-6">
                        <div class="dashboard-card card-shadow tot_tasks">
                            <div
                                    class="dashboard-card__icon-container bg-mauve-light d-flex justify-content-center align-items-center">
                                <i class="fa fa-user text-mauve"/>
                            </div>
                            <div class="dashboard-card__details">
                                <h3>
                                    <span>
                                        <t t-esc="widget.total_tasks"/>
                                
                                    </span>
                                </h3>
                                <h4>Total Customers</h4>
                            </div>
                        </div>
                    </div> <div class="col-md-4 col-sm-6">
                        <div class="dashboard-card card-shadow hr_recorded">
                            <div
                                    class="dashboard-card__icon-container bg-mauve-light d-flex justify-content-center align-items-center">
                                <i class="fa fa-truck text-mauve"/>
                            </div>
                            <div class="dashboard-card__details">
                                <h3>
                                    <span>
                                        <t t-esc="widget.week_deliverys"/>
                                
                                    </span>
                                </h3>
                                <h4>Delivered Orders</h4>
                            </div>
                        </div>
                    </div> 
                    <div class="col-md-4 col-sm-6">
                        <div class="dashboard-card card-shadow thisweek_invoices">
                            <div
                                    class="dashboard-card__icon-container bg-mauve-light d-flex justify-content-center align-items-center">
                                <i class="fa fa-file-text text-mauve"/>
                            </div>
                            <div class="dashboard-card__details">
                                <h3>
                                    <span>
                                        <t t-esc="widget.weekwise_invoice"/>
                                
                                    </span>
                                </h3>
                                <h4>Total Invoices</h4>
                            </div>
                        </div>
                    </div>
                    <div class="col-md-4 col-sm-6">
                        <div class="dashboard-card card-shadow thisweeek_saleorders">
                            <div
                                    class="dashboard-card__icon-container bg-mauve-light d-flex justify-content-center align-items-center">
                                <i class="fa fa-ticket text-mauve"/>
                            </div>
                            <div class="dashboard-card__details">
                                <h3>
                                    <span>
                                        <t t-esc="widget.weeksaleorders_only"/>
                                
                                    </span>
                                </h3>
                                <h4>Total Sale Orders</h4>
                            </div>
                        </div>
                    </div>
                    </div>
                </div>
    



        
    </t>

    <t t-name="DashboardChart">


    </t>
</templates>