id,name,model_id:id,group_id:id,perm_read,perm_write,perm_create,perm_unlink
access_design_plan,design.plan,model_design_plan,base.group_user,1,1,1,1
access_design_input,design.input,model_design_input,base.group_user,1,1,1,1
access_design_output,design.output,model_design_output,base.group_user,1,1,1,1
access_designdata_sheet,designdata.sheet,model_designdata_sheet,base.group_user,1,1,1,1
access_design_plan_line,design.plan.line,model_design_plan_line,base.group_user,1,1,1,1
access_design_input_line,design.input.line,model_design_input_line,base.group_user,1,1,1,1
access_design_output_line,design.output.line,model_design_output_line,base.group_user,1,1,1,1

access_design_develop_review,design.develop.review,model_design_develop_review,base.group_user,1,1,1,1
access_design_review_line,design.review.line,model_design_review_line,base.group_user,1,1,1,1


access_design_verification,design.verification,model_design_verification,base.group_user,1,1,1,1
access_design_verification_line,design.verification.line,model_design_verification_line,base.group_user,1,1,1,1


access_design_validation,design.validation,model_design_validation,base.group_user,1,1,1,1
access_design_validation_line,design.validation.line,model_design_validation_line,base.group_user,1,1,1,1


access_design_change_note,design.change.note,model_design_change_note,base.group_user,1,1,1,1
access_design_revise_line,design.revise.line,model_design_revise_line,base.group_user,1,1,1,1

access_plan_input,plan.input,model_plan_input,base.group_user,1,1,1,1
access_design_input_plan,design.input.plan,model_design_input_plan,base.group_user,1,1,1,1

access_master_kanban_view,master.kanban.view,model_master_kanban_view,base.group_user,1,1,1,1

