id,name,model_id:id,group_id:id,perm_read,perm_write,perm_create,perm_unlink
access_department_master,department.master,model_department_master,base.group_user,1,1,1,1
access_purchase_request,purchase.request,model_purchase_request,base.group_user,1,1,1,1
access_purchase_request_line,purchase.request.line,model_purchase_request_line,base.group_user,1,1,1,1
access_rating_form,rating.form,model_rating_form,base.group_user,1,1,1,1
access_project_product,project.product,model_project_product,base.group_user,1,1,1,1
access_acknowledgement_check,acknowledgement.check,model_acknowledgement_check,base.group_user,1,1,1,1
access_terms_conditions,terms.conditions,model_terms_conditions,base.group_user,1,1,1,1
access_stock_quant,stock.quant,model_stock_quant,base.group_user,1,1,1,1











